[
  {
    "_id": "eyes_mascara",
    "name": "тушь для ресниц",
    "path": "eyes_mascara"
  },
  {
    "_id": "lips_lipsticks",
    "name": "помады",
    "path": "lips_lipsticks"
  },
  {
    "_id": "face_primers",
    "name": "праймеры",
    "path": "face_primers"
  },
  {
    "_id": "face_tones",
    "name": "тональные средства",
    "path": "face_tones"
  },
  {
    "_id": "face_concealers",
    "name": "корректоры/консилеры",
    "path": "face_concealers"
  },
  {
    "_id": "face_powders",
    "name": "пудра",
    "path": "face_powders"
  },
  {
    "_id": "face_blushers",
    "name": "румяна",
    "path": "face_blushers"
  },
  {
    "_id": "face_highlighters",
    "name": "скульптор/хайлайтер",
    "path": "face_highlighters"
  },
  {
    "_id": "face_fixators",
    "name": "фиксаторы (для макияжа)",
    "path": "face_fixators"
  },
  {
    "_id": "face_brushes",
    "name": "Кисти для лица/спонжи",
    "path": "face_brushes"
  },
  {
    "_id": "brows_gels",
    "name": "гели для бровей",
    "path": "brows_gels"
  },
  {
    "_id": "brows_shadows",
    "name": "тени для бровей",
    "path": "brows_shadows"
  }
]
