[
  { "country": "6392fc9087bc8a3dade1c1b3", "name": "Москва" },
  { "country": "6392fc9087bc8a3dade1c1b3", "name": "Санкт-Петербург" },
  { "country": "6392fc9087bc8a3dade1c1b3", "name": "Новосибирск" },
  { "country": "6392fc9087bc8a3dade1c1b3", "name": "Екатеринбург" },
  { "country": "6392fc9087bc8a3dade1c1b3", "name": "Нижний Новгород" },
  { "country": "6392fc9087bc8a3dade1c1b3", "name": "Казань" },
  { "country": "6392fc9087bc8a3dade1c1b3", "name": "Челябинск" },
  { "country": "6392fc9087bc8a3dade1c1b4", "name": "Минск" },
  { "country": "6392fc9087bc8a3dade1c1b4", "name": "Гомель" },
  { "country": "6392fc9087bc8a3dade1c1b4", "name": "Витебск" },
  { "country": "6392fc9087bc8a3dade1c1b4", "name": "Могилёв" },
  { "country": "6392fc9087bc8a3dade1c1b4", "name": "Гродно" },
  { "country": "6392fc9087bc8a3dade1c1b4", "name": "Брест" },
  { "country": "6392fc9087bc8a3dade1c1b5", "name": "Астана" },
  { "country": "6392fc9087bc8a3dade1c1b5", "name": "Алма-Ата" },
  { "country": "6392fc9087bc8a3dade1c1b5", "name": "Шымкент" },
  { "country": "6392fc9087bc8a3dade1c1b5", "name": "Караганда" },
  { "country": "6392fc9087bc8a3dade1c1b5", "name": "Павлодар" }
]
