{
    "categories": [
        {
            "id": "макияж",
            "tree": "/makeup",
            "nested": [
                {
                    "id": "лицо",
                    "tree": "/makeup/face",
                    "nested": [
                        {
                            "id": "праймеры",
                            "tree": "/makeup/face/face_primers"
                        },
                        {
                            "id": "тональные средства",
                            "tree": "/makeup/face/face_tones"
                        },
                        {
                            "id": "корректоры/консилеры",
                            "tree": "/makeup/face/face_concealers"
                        },
                        {
                            "id": "пудра",
                            "tree": "/makeup/face/face_powders"
                        },
                        {
                            "id": "румяна",
                            "tree": "/makeup/face/face_blushers"
                        },
                        {
                            "id": "скульптор/хайлайтер",
                            "tree": "/makeup/face/face_highlighters"
                        },
                        {
                            "id": "фиксаторы (для макияжа)",
                            "tree": "/makeup/face/face_fixators"
                        },
                        {
                            "id": "Кисти для лица/спонжи",
                            "tree": "/makeup/face/face_brushes"
                        }
                    ]
                },
                {
                    "id": "брови",
                    "tree": "/makeup/brows",
                    "nested": [
                        {
                            "id": "гели для бровей",
                            "tree": "/makeup/brows/brows_gels"
                        },
                        {
                            "id": "тени для бровей",
                            "tree": "/makeup/brows/brows_shadows"
                        },
                        {
                            "id": "карандаши  и маркеры",
                            "tree": "/makeup/brows/brows_pencils"
                        },
                        {
                            "id": "кисти для бровей",
                            "tree": "/makeup/brows/brows_brushes"
                        }
                    ]
                },
                {
                    "id": "ногти",
                    "tree": "/makeup/nails",
                    "nested": [
                        {
                            "id": "лаки для ногтей",
                            "tree": "/makeup/nails/nails_polish"
                        },
                        {
                            "id": "Базы и покрытия для ногтей",
                            "tree": "/makeup/nails/nails_bases"
                        },
                        {
                            "id": "Уход за ногтями",
                            "tree": "/makeup/nails/nails_care"
                        },
                        {
                            "id": "Аксессуары для маникюра",
                            "tree": "/makeup/nails/nails_accessories"
                        }
                    ]
                },
                {
                    "id": "глаза",
                    "tree": "/makeup/eyes",
                    "nested": [
                        {
                            "id": "тушь для ресниц",
                            "tree": "/makeup/eyes/eyes_mascara"
                        },
                        {
                            "id": "основа под тени",
                            "tree": "/makeup/eyes/eyes_bases"
                        },
                        {
                            "id": "тени для век",
                            "tree": "/makeup/eyes/eyes_shadows"
                        },
                        {
                            "id": "карандаши  и подводки",
                            "tree": "/makeup/eyes/eyes_pencils"
                        },
                        {
                            "id": "кисти для глаз",
                            "tree": "/makeup/eyes/eyes_brushes"
                        }
                    ]
                },
                {
                    "id": "губы",
                    "tree": "/makeup/lips",
                    "nested": [
                        {
                            "id": "помады",
                            "tree": "/makeup/lips/lips_lipsticks"
                        },
                        {
                            "id": "блески и тинты",
                            "tree": "/makeup/lips/lips_tints"
                        },
                        {
                            "id": "карандаши для губ",
                            "tree": "/makeup/lips/lips_pencils"
                        },
                        {
                            "id": "бальзамы для губ",
                            "tree": "/makeup/lips/lips_balms"
                        },
                        {
                            "id": "кисти для губ",
                            "tree": "/makeup/lips/lips_brushes"
                        }
                    ]
                },
                {
                    "id": "аксессуары",
                    "tree": "/makeup/accessories",
                    "nested": [
                        {
                            "id": "кисти/спонжи",
                            "tree": "/makeup/accessories/accessories_brushes"
                        },
                        {
                            "id": "другое",
                            "tree": "/makeup/accessories/accessories_other"
                        }
                    ]
                }
            ]
        },
        {
            "id": "уход за кожей",
            "tree": "/skincare",
            "nested": []
        }
    ],
    "cities": [
        { "id": 1, "value": "Москва" },
        { "id": 2, "value": "Санкт-Петербург" },
        { "id": 3, "value": "Новосибирск" },
        { "id": 4, "value": "Екатеринбург" },
        { "id": 5, "value": "Нижний Новгород" },
        { "id": 6, "value": "Казань" },
        { "id": 7, "value": "Челябинск" }
    ],
    "data": [
        {
            "id": "-N90umx8ur4eRuOMmXyx",
            "description": "Идеальная тушь для настоящих фанатов подкрученных и объёмных ресниц!\n\nшироко распахнутый взгляд\n\nневероятный объём\n\nворсовая щеточка\n\nспециальная формула туши \nидеально подойдёт любым ресничкам, обеспечивая легкое нанесение без склеивания\n\n",
            "title": "Тушь для ресниц веерный объем Paradiso",
            "image": "https://avatars.dicebear.com/api/avataaars/vyum5.svg",
            "category": "/makeup/face/face_primers",
            "tags": ["bestsellers", "actions"]
        },
        {
            "id": "-N91ujIYgzm9MTT6Zy9k",
            "description": "THERMO TUBING\nИнновационная формула позволяет смывать тушь теплой водой без средств для снятия макияжа\n\nтушь отлично носится в течение дня! \nНе осыпается, не смазывается, не отпечатывается!\n\nэффектный объём и разделение\n\nПластиковая щетка \n\nбережно относится к ресницам\nне травмирует их благодаря деликатному удалению\n\nVegan- формула",
            "title": "Тушь для ресниц объемная Strip it Easy Thermo Tubing",
            "image": "https://avatars.dicebear.com/api/avataaars/g4pgg.svg",
            "category": "/makeup/face/face_tones",
            "tags": ["novelties", "actions"]
        },
        {
            "id": "-N9W9xQVdM6RP6c9Ahdl",
            "description": "Универсальная стойкая матовая помада \n\nроскошная гамма нюдовых оттенков\n\nмягкая муссовая текстура \nлегко наносится, не стягивает и не сушит кожу губ\n\nневесомое покрытие без разводов\n",
            "title": "Помада губная жидкая матовая Nude Matte",
            "image": "https://avatars.dicebear.com/api/avataaars/k17xo.svg",
            "category": "/makeup/face/face_concealers",
            "tags": ["novelties"]
        },
        {
            "id": "-N9am6_bNJNIcLr0AJIY",
            "description": "СЕНСАЦИОННАЯ НОВИНКА!\nБудь разной! Будь смелой! Будь яркой! Будь особенной!\n\nобъёмная\n\nпластиковая щеточка\nпрекрасно наносит тушь, распределяет ее от корней до кончиков и прочесывает ресницы\n\nИспользуй в макияже один или несколько оттенков\nкомбинируй, фантазируй, твори!\n\n\n",
            "title": "Тушь для ресниц цветная объемная My Crush",
            "image": "https://avatars.dicebear.com/api/avataaars/5w8m4.svg",
            "category": "/makeup/face/face_primers",
            "tags": ["bestsellers"]
        },
        {
            "id": "-N9eth2OSAla53eEyfyQ",
            "description": "суперобъем и разделениесиликоновая щеточкатщательно подобрана для суперточного разделения и равномерного распределения туши по всей длинеКоричневая тушь - идеальный вариант для дневного макияжа и девушек неяркой внешности: русым, блондинкам. шикарно подчёркивает голубые, серые, зелёные глазаЧёрная тушь- классика, которая сделает твой взгляд выразительным и распахнутым!",
            "title": "Тушь для ресниц Touché суперобъём и разделение",
            "image": "https://avatars.dicebear.com/api/avataaars/t6f9ql.svg",
            "category": "/makeup/face/face_primers",
            "tags": ["actions"]
        },
        {
            "id": "-N9fM_iflnWwtynBnV9a",
            "description": "эффект накладных ресниц\n\nЭкстремальный объём\n\nпластиковая кисточка\nсделает ресницы аккуратными, а взгляд выразительным",
            "title": "Тушь с эффектом накладных ресниц \"Professional\"",
            "image": "https://avatars.dicebear.com/api/avataaars/ljobv.svg",
            "category": "/makeup/brows/brows_shadows"
        },
        {
            "id": "-N9fNlpV94h64WyT72kD",
            "description": "Объёмная\n\nВодостойкая\nв дождь и непогоду, в бассейне, сауне и на пляже — Ваши ресницы всегда остаются объёмными!\n\nухаживающий эффект\nтушь имеет в своём составе бисаболол\n\nЛегкий демакияж\nТушь следует удалять двухфазным средством для снятия водостойкого макияжа\n",
            "title": "Тушь для ресниц водостойкая Emotion Proof",
            "image": "https://avatars.dicebear.com/api/avataaars/qhpr4.svg",
            "category": "/makeup/brows/brows_brushes"
        },
        {
            "id": "-N9fQwo3l3I14zypY4hv",
            "description": "эффект сценического объема\n\nэкстра черный цвет твоих ресниц\n\nВорсовая щеточка \nпозволяет добиться впечатляющего эффекта для ресниц - она окрашивает и удлиняет каждую ресницу, формируя ее объем от корней до самых кончиков\n",
            "title": "Тушь для ресниц  с эффектом сценического объема Delicious Dramatic Decision",
            "image": "https://avatars.dicebear.com/api/avataaars/nmgd4.svg"
        },
        {
            "id": "-N9fVowvIuUX6fpJNIXR",
            "description": "Exctreme\nэкстремальный, смелый объём\n\nExciting\nВолнующий, вдохновляющий изгиб\n\nExclusive\nЭксклюзивная, неповторимая длина\n\nLuxury\nРоскошный, чарующий взгляд\n\nЭлегантная пластиковая щёточка\nпрокрашивает каждую ресничку",
            "title": "Тушь для ресниц \" XXXL Extreme Exciting Exclusive Luxury\"",
            "image": "https://avatars.dicebear.com/api/avataaars/ok4hc.svg"
        },
        {
            "id": "-N9fXiAczu-8f1QmA-Tu",
            "description": "extra объём\n\nextra удлинение\n\nпластиковая щёточка\nзахватывает и прокрашивает все ресницы, даже самые короткие и тонкие",
            "title": "Тушь для ресниц Extra Lash",
            "image": "https://avatars.dicebear.com/api/avataaars/aviz4.svg"
        },
        {
            "id": "-N9fbQ-UDnNJ36C4zJTv",
            "description": "Тушь с эффектом объема и разделения \nаккуратно прокрашивает каждую ресничку\n\nПластиковая щёточка\nрасчесывает, укладывает и удлиняет ресницы",
            "title": "Тушь для ресниц мега объем Big and Bigger Lashes",
            "image": "https://avatars.dicebear.com/api/avataaars/s5hfsj.svg"
        },
        {
            "id": "-N9kv3P4oLwLR2q3urOJ",
            "description": "Насыщенный черный цвет и невероятный объем ресниц \nвыгодно подчеркивает красоту ваших глаз\n\nИтальянская ворсовая щёточка увеличенного формата\nтщательно прокрашивает реснички от корней и до самых кончиков\n\n\n",
            "title": "Тушь для ресниц суперобъемная RELOUIS ",
            "image": "https://avatars.dicebear.com/api/avataaars/cr9sb.svg"
        },
        {
            "id": "-N9l2g_D0gjtoAXwZng0",
            "description": "Особая кремовая текстура\nобеспечивает равномерное нанесение без комков\n\nИзогнутая пластиковая щёточка\nвогнутая сторона распределяет тушь и удлиняет ресницы, а выпуклая  разделяет, упорядочивает и подкручивает волоски\n\nэффект лифтинга ресниц\n\n",
            "title": "Тушь для ресниц Lift Up & Volume Mascara La Mia Italia",
            "image": "https://avatars.dicebear.com/api/avataaars/3ur7b.svg"
        },
        {
            "id": "-N9lC1h0a7pkdH6dtJnq",
            "description": "насыщенный черный цвет\n\nэффект объема и удлинения\n\nпластиковая щеточка\nаккуратно прокрашивает каждую ресничку\n\nсоздавай взгляд дивы с обложки модного журнала!",
            "title": "Тушь для ресниц объем + удлинение Топ - Модель",
            "image": "https://avatars.dicebear.com/api/avataaars/mymlwi.svg",
            "category": "/makeup/brows/brows_gels"
        },
        {
            "id": "-N9p8qi93Dw-qE2Ttx8G",
            "description": "уникальная изогнутая щёточка\nподкручивает ваши реснички от основания, будто вы использовали щипчики для подкручивания ресниц\n\nВизуально удлиняет и придает объем\n\nрасчесывает и разделяет волоски\n\n",
            "title": "Тушь для ресниц с подкручивающим эффектом объемная Gold",
            "image": "https://avatars.dicebear.com/api/avataaars/5acir.svg",
            "category": "/makeup/brows/brows_gels"
        },
        {
            "id": "-N9pDDYdhe9_ePNqWVWC",
            "description": "дарит роскошный объём\n\nрасчесывает и разделяет волоски\n\nподарит вам распахнутый, выразительный взгляд с объёмными и пушистыми ресничками\n\nобладает универсальной ворсовой щёточкой\nподходит для ресниц любого размера и формы",
            "title": "Тушь для ресниц объемная Gold",
            "image": "https://avatars.dicebear.com/api/avataaars/kscpj.svg",
            "category": "/makeup/brows/brows_pencils"
        },
        {
            "id": "-N9pGbZZCMopNKrwOFeY",
            "description": "придает ресницам головокружительный объем и необыкновенную длину\n\nСпециально разработанная сверхпушистая кисточка\nрасщепляет реснички, расчесывая и отделяя их друг от друга, делает их пышными и аккуратными\n\nизогнутая форма кисточки\nпозволяет корректировать изгиб ресниц, доводя Ваш макияж до совершенства",
            "title": "Тушь для ресниц Пышные реснички",
            "image": "https://avatars.dicebear.com/api/avataaars/ewiis.svg"
        },
        {
            "id": "-N9pIcT3NMuBEdYnprMQ",
            "description": "прошла офтальмологический контроль\nв независимой итальянской клинической лаборатории  \n\nэффект объемных ресниц и выразительного взгляда\n\nпластиковая кисточка\n\nобладает нежным ароматом розы",
            "title": "Тушь для ресниц Пышные реснички с ароматом розы",
            "image": "https://avatars.dicebear.com/api/avataaars/mrukzj.svg"
        },
        {
            "id": "-N9pLiKO_Ydw1JgNHoTS",
            "description": "ГЛУБОКИЙ ЧёРНЫЙ цвет\nдостигается благодаря карбону, входящему в ее состав\n\nсуперобъёмная\n\nворсовая щёточка\nпридает взгляду таинственную выразительность и магическое очарование.",
            "title": "Тушь для ресниц суперобъемная Deep Black",
            "image": "https://avatars.dicebear.com/api/avataaars/916oj.svg"
        },
        {
            "id": "-N9pQo5mFRw84kz4uY5O",
            "description": "Роскошный объем \n\nИнтенсивный цвет \n\nуход за ресницами\nвходящие в состав компоненты питают и укрепляют ресницы, обеспечивают полный уход благодаря своим восстанавливающим, антиоксидантным и антивозрастным свойствам\n\n80 % ингредиентов натурального происхождения\nмасло асаи, экстракт листьев зеленого чая камелии китайской (Camellia Sinensis), витамин С, растительные фибры овса и пшеницы, рисовый воск, веганский пчелиный воск \n\nлегко смывается теплой водой \nнаправьте достаточное количество теплой воды (температура 38ºC) и выше на область глаз, когда почувствуйте, что тушь размякла, аккуратно удалите ее с ресниц пальцами рук. Более легкий способ: возьмите теплый влажный спонж или ватный диск и положите его на ресницы, подождите пока тушь размякнет и нежно удалите ее с помощью ватного диска\n\nВорсовая щёточка\n\nПройден офтальмологический контроль\n\nVegan-формула",
            "title": "Тушь для ресниц Relouis Elixir Intense",
            "image": "https://avatars.dicebear.com/api/avataaars/d6zxz.svg"
        },
        {
            "id": "-N9povCN72ICs7swcYaM",
            "description": "многократно увеличивает объём ресниц\n\nудлиняет\n\nразделяет без дополнительных усилий\n\nВорсовая щёточка",
            "title": "Тушь для ресниц Тройной эффект",
            "image": "https://avatars.dicebear.com/api/avataaars/gd3iyk.svg"
        },
        {
            "id": "-N9ppebHpr3TtUqvJ8BX",
            "description": "создаёт экстремальный объём \nдля невероятно выразительного взгляда\n\nворсовая щёточка\nтщательно прокрашивает каждую ресничку, создавая эффект идеальных густых ресниц\n\n",
            "title": "Тушь для ресниц объемная Dolly",
            "image": "https://avatars.dicebear.com/api/avataaars/6h761.svg"
        },
        {
            "id": "-N9pstA_0fDIRr1p-Sa2",
            "description": "максимальное удлинение ресниц\n\nневероятный объём\n\nнасыщенный чёрный цвет\n\nОткрытый, распахнутый и выразительный взгляд",
            "title": "Тушь для ресниц удлиняющая Dolly",
            "image": "https://avatars.dicebear.com/api/avataaars/xs3tw.svg"
        },
        {
            "id": "-N9ptrsfzUhmB81blZ2F",
            "description": "MUST HAVE летнего сезона!\n\nультра стойкость\n\nлегкое смывание\n(отлично смывается при помощи теплой воды\n38°C)\n\nБЕЗ ЭФФЕКТА PANDA EYES\n\nДРАМАТИЧЕСКИЙ ЭФФЕКТНЫЙ ОБЪЕМ\n(текстура туши обволакивает каждую ресничку,\nутолщает ее и создает эффект распахнутого\nвзгляда)\n\nЭРГОНОМИЧЕСКАЯ ПЛАСТИКОВАЯ ЩЕТОЧКА\n\nСУПЕРЧЕРНЫЙ ЦВЕТ \n\nVegan friendly",
            "title": "Тушь для ресниц Relouis Capsule объемная стойкая легкосмываемая ",
            "image": "https://avatars.dicebear.com/api/avataaars/hsoff.svg"
        },
        {
            "id": "-N9q2MNXPzwrNk67TF6z",
            "description": "Цветная тушь для ресниц \nспособна в мгновение преобразить взгляд и добавить «изюминку» в образ\n\nЭкстремальный объем \n\nНевероятная длина\n\nНасыщенный цвет\n\nВорсовая щеточка \nотлично прочесывает ресницы, равномерно распределяет тушь от корней до кончиков\n",
            "title": "Тушь для ресниц объемная Mascarad",
            "image": "https://avatars.dicebear.com/api/avataaars/p3vuc.svg",
            "category": "/makeup/brows/brows_shadows"
        },
        {
            "id": "-NA3oZ4voQL0Xed9M1Zx",
            "description": "матовая помада с бархатным финишем\n\nощущается комфортно и держится весь день\n\n16 трендовых оттенков \nот самых модных нюдовых и коричневых до более насыщенных красного и бордового оттенков\n\nНасыщенный цвет с первого нанесения и визуальное увеличение объёма губ\n\nмягкий удобный и идеально скользящий аппликатор плоской формы \nбезупречно наносит помаду, распределяет её равномерно с первого нанесения и позволяет создать максимально четкий контур\n\nприятный аромат \nподарит вам истинное удовольствие",
            "title": "Помада для губ стойкая матовая Paradiso",
            "image": "https://avatars.dicebear.com/api/avataaars/fvz9n.svg"
        },
        {
            "id": "-NA4NWZe8EAI-eJMM9k7",
            "description": "Абсолютно матовый эффект, без намека на блеск и сияние\n\nПолностью перекрывает цвет губ с первого нанесения\n\nТолько яркие и смелые оттенки, без полутонов и без компромиссов\n\nСтойкий цвет\n\nКомфортна и неощутима \n\nvegan friendly",
            "title": "Помада губная жидкая матовая True Matte",
            "image": "https://avatars.dicebear.com/api/avataaars/y8o27j.svg"
        },
        {
            "id": "-NA9vfGWOvNRcfIDyGi1",
            "description": "Плотная нелипкая текстура\nсоздает ощущение гладких, увлажненных, напитанных губ \n\n6 натуральных нежных оттенков\nстанут изюминкой любого макияжа от ежедневного нюдового до яркого гламурного образа\n\nМентол \nусиливает приток крови к нежной коже губ, придавая им чувственный объем\n\nЭкстракт красного перца \nактивизирует микроциркуляцию крови, разглаживает кожу губ, придает им более яркий насыщенный оттенок\n\nМасло оливы \nсодержит природные антиоксиданты, защищает кожу от преждевременного старения, восстанавливает ее гладкость и служит барьером для УФ излучений\n\nМасло подсолнечника \nоказывает смягчающее и регенерирующее действие, разглаживает мелкие морщинки, питает и увлажняет нежную кожу губ\n\n\n",
            "title": "Плампер для губ Cool Addiction Lip Plumper",
            "image": "https://avatars.dicebear.com/api/avataaars/qpod2.svg"
        },
        {
            "id": "-NAK5fS1PV9a60MSCIjN",
            "description": "Насыщенная и питательная помада\n\nКремовая обволакивающая текстура \nпридает губам исключительную мягкость и длительное ощущение комфорта\n\n11 роскошных оттенков\nдающих полную свободу самовыражения\n\nроскошный футляр\nкоторый, который открывается одним щелчком, превращает её в бьюти-аксессуар\n\n",
            "title": "Помада губная La Mia Italia RELOUIS ",
            "image": "https://avatars.dicebear.com/api/avataaars/9hjkz.svg"
        },
        {
            "id": "-NANuvU__OcJhJ4sfr3x",
            "description": "деликатное сияние \n\nровный насыщенный цвет\n\nувлажнение \nв состав входит гиалуроновая кислота, она смягчает и защищает губы, нежно ухаживая за ними\n\nПалитра из 10 трендовых оттенков\nпозволяет выбрать подходящий именно вам",
            "title": "Помада губная Сапфир атласная",
            "image": "https://avatars.dicebear.com/api/avataaars/0bi3a.svg"
        },
        {
            "id": "-NAcAy6j2cR8pFfdB5i9",
            "description": "Тональное средство с комфортной текстурой для любого типа кожи\n\n24 часа стойкости\nчто делает текстуру идеальной для любого случая\n\nЗащита SPF30\nнаиболее универсальный уровень защиты как летом, так и зимой\n\nЕСТЕСТВЕННЫЙ МАТОВЫЙ ФИНИШ\n\nТекстура флюид\nне сушит кожу, не течёт, не скатывается, не забивает поры, Фиксируется на весь день\nбез эффекта маски\n\nfacetune эффект\nпомогает коже выглядеть идеально на фото\n\nVegan\nне содержит масел",
            "title": "Тональный крем RELOUIS PRO Face&Body Foundation 24H SPF30",
            "image": "https://avatars.dicebear.com/api/avataaars/ry5kd.svg"
        },
        {
            "id": "-NAcn68ooMZZjEcJsozH",
            "description": "мягкая и кремовая текстура\nлегко ложится на губы\n\nпридает губам сказочный оттенок с изысканным сияющим финишем\n\nПредставлена в 32 оттенках",
            "title": "Помада губная Premium Gold RELOUIS",
            "image": "https://avatars.dicebear.com/api/avataaars/sew7bf.svg"
        },
        {
            "id": "-NActLyQLeopRXSlDilO",
            "description": "must have летнего сезона\n\nВизуальный объём\n\nнелипкая текстура без растекания\n\nощущение увлажненности\n\nпотрясающая нюдовая гамма\nСочетание цвета и нежного глянцевого сияния\n\nприятный аромат\n\n",
            "title": "Блеск для губ с влажным финишем Paradiso RELOUIS",
            "image": "https://avatars.dicebear.com/api/avataaars/gnhas.svg"
        },
        {
            "id": "-NAdCKNhy-bAbnHUjeYn",
            "description": "Прекрасная глянцевая текстура\nпрекрасно заполняет все складочки губ и не растекается за их пределы\n\nВизуально увеличивает объём губ\n\nне оставляет неприятной липкости\n\n15 трендовых оттенков\nот нюдовых до насыщенных ягодных оттенков, от обычных кремовых до шиммерных\n\nприятный аромат",
            "title": "Блеск для губ с зеркальным эффектом Fashion Gloss RELOUIS",
            "image": "https://avatars.dicebear.com/api/avataaars/shzb7.svg"
        },
        {
            "id": "-NAhf6ILRSp8AucZl28f",
            "description": "Идеальное глянцевое покрытие \n\nЭффект трёхмерного объёма \n\nбез растекания\n\n2в1: блеск и верхнее покрытие\n\nгустая Текстура блеска \nидеально ложится на губы, делая их сочными, увлажненными, более объемными и в то же время натуральными\n\nVegan friendly",
            "title": "Блеск для губ с эффектом \"жидкого стекла\" RELOUIS PRO Lip Glass",
            "image": "https://avatars.dicebear.com/api/avataaars/5mi9e.svg"
        },
        {
            "id": "-NAhvSVVWHll5tJIj23_",
            "description": "Дуохромный голографический блеск\n\nГустая, но лёгкая и очень комфортная текстура\n\n2в1: \nблеск для губ и верхнее покрытие на губную помаду\n\nБлеск не растекается за контур губ и держится до 5 часов\n\nзрительно увеличивает объём губ\n\nИграет разными оттенками при разном освещении и движении губ\n\nVegan friendly",
            "title": "Блеск для губ COSMIC DANCE RELOUIS",
            "image": "https://avatars.dicebear.com/api/avataaars/qni26.svg"
        },
        {
            "id": "-NAiQpztAVU1YHWJucJU",
            "description": "Интенсивный цвет\n\nБез парабенов и спирта\n\nот эффекта зацелованных губ до насыщенного контура\n\nгель-тинт не размажется, выдержит перекус и не оставит следов на чашке\n\nНе сушит кожу и абсолютно не ощущается на губах\n\nНикакого блеска\n\nприятный сладкий вкус\n\nVegan Friendly",
            "title": "Оттеночный гель-тинт для губ Kiss Me Again RELOUIS",
            "image": "https://avatars.dicebear.com/api/avataaars/yq8h2.svg"
        },
        {
            "id": "-NAidbKYkMfmJEp4xF4A",
            "description": "Суперсильная фиксация\n\nУвлажнение, питание и здоровый вид\nпридают ресницам вода киви, пантенол и керамиды, входящие в состав геля\n\nЗащита от внешних воздействий\n\nУкрепляет волоски и способствует их росту \n\nПодходит для ежедневного применения\n",
            "title": "Гель для ускорения роста ресниц Длинные ресницы RELOUIS",
            "image": "https://avatars.dicebear.com/api/avataaars/ed7fk.svg"
        },
        {
            "id": "-NAigu5vvra0KUdW301q",
            "description": "сильная фиксация и стойкость\n\nСоздает барьер от внешних воздействий\n\nУвлажняет, препятствуя иссушению и ломкости\n\nВосстанавливает поврежденную структуру\nблагодаря активным компонентам (хитин, пантенол)\n\nПодходит для ежедневного применения",
            "title": "Гель косметический для ресниц и бровей RELOUIS",
            "image": "https://avatars.dicebear.com/api/avataaars/fqetm.svg"
        },
        {
            "id": "-NAiiXBKaMOxN2E0EauP",
            "description": "СУПЕРфиксация\nфиксирует и укладывает брови в нужном направлении\n\nДержится на протяжении всего дня\n\nПридаёт бровям форму и добавляет визуальный объём\n\nНе оставляет белый налет\n\nVegan Friendly",
            "title": "Гель для бровей прозрачный RELOUIS PRO Perfect Fixing Brow Gel",
            "image": "https://avatars.dicebear.com/api/avataaars/ktx8r.svg"
        },
        {
            "id": "-NAiqoanqRH9aAXQe-FM",
            "description": "Водостойкая формула\n\nСуперфиксация и моделирование волосков\n\nЗаполнение и усиление цвета бровей\n\nЛёгкое нанесение и естественный эффект\n\nМиниатюрная итальянская щёточка\nровно и аккуратно распределяет гель по бровям, прокрашивает каждый волосок, придает бровям дополнительную густоту",
            "title": "Гель для бровей водостойкий оттеночный RELOUIS PRO Waterproof Color Brow Gel",
            "image": "https://avatars.dicebear.com/api/avataaars/evi8z.svg"
        },
        {
            "id": "-NAm_9ptNoFpXJndoKUO",
            "description": "Жидкая ультра-чёрная подводка \n\nс трендовым виниловым финишем\nГлянцевый, будто влажный, эффект добавит образу выразительности\n\nТонкая кисточка \nобеспечивает простое, и в то же время точное и правильное нанесение\n\nне растекается и не размазывается\n\nдержится весь день\n\nлегко снимается без разводов и пятен",
            "title": "Подводка для глаз виниловая черная Paradiso RELOUIS",
            "image": "https://avatars.dicebear.com/api/avataaars/mg03w.svg"
        },
        {
            "id": "-NAs1rWT6MPWXKOvI0Nn",
            "description": "Тонкая кисточка для стрелок любой толщины\n\nНе растекается и не смазывается\n\nравномерно наносится и плавно скользит\n\nМожет использоваться как жидкие тени\n\nснимается без разводов и пятен\n\nНевероятно трендовая текстура в самых популярных оттенках\n\n",
            "title": "Подводка для глаз сияющая цветная Paradiso RELOUIS",
            "image": "https://avatars.dicebear.com/api/avataaars/wsfz8.svg"
        },
        {
            "id": "-NC--TF22lTQDx08PrXm",
            "description": "уникальный продукт\nсочетает в себе 2 функции – бальзам и тинт\n\nВолшебное превращение из голубого в розовый\n\nмасло ши\nпридает губам невероятную мягкость и увлажняет\n\npH-регуляторы\nпридают розовый оттенок губам",
            "title": "Бальзам-тинт для губ с маслом ши Unicorn KISS RELOUIS",
            "image": "https://avatars.dicebear.com/api/avataaars/657dsg.svg"
        },
        {
            "id": "-NC-7pAScaRwBbWFFflB",
            "description": "в состав входит Масло зародышей пшеницы\nбогато витаминами A, B, D, Е, PP, полинасыщенными кислотами, лецитином\n\nстимулирует процессы обновления и омоложения клеток\n\nУвлажняет и питает кожу губ\n\nпредотвращает потерю влаги и обветривание\n\nразглаживает мелкие морщинки\n\nПридает губам эластичность",
            "title": "Бальзам для губ с маслом зародышей пшеницы RELOUIS",
            "image": "https://avatars.dicebear.com/api/avataaars/aqgng.svg"
        },
        {
            "id": "-NC-BM-hYWz7wg_J0ijA",
            "description": "защищает и активно ухаживает за кожей губ\n\nобладает противовоспалительным и антибактериальным действиями\n\nуспокаивает кожу и снимает раздражение\n\nэффективно заживляет ранки и трещины\n\n поддерживает упругость кожи губ\n\nзащита от неблагоприятных воздействий окружающей среды",
            "title": "Бальзам для губ Iron Man RELOUIS",
            "image": "https://avatars.dicebear.com/api/avataaars/54o79.svg"
        },
        {
            "id": "-NC-DU3rANXCya8btdFR",
            "description": "активно ухаживает, защищает и питает кожу губ\n\nсмягчает, сохраняет эластичность и упругость кожи\n\nпредупреждает сухость и шелушение, снимает раздражение\n\nявляется ранозаживляющим средством при воспалениях",
            "title": "Бальзам для губ Dоктор + алое вера RELOUIS",
            "image": "https://avatars.dicebear.com/api/avataaars/ld2r1.svg"
        },
        {
            "id": "-NC-GGhXnDucPg3Wslo3",
            "description": "нежно заботится о губах\n\nповышает упругость и эластичность кожи\n\nделает губы гладкими\n\nпредотвращает шелушение и раздражение кожи губ\n\nобладает противовоспалительным действием\n\nспособствует быстрому заживлению трещин",
            "title": "Бальзам для губ Dоктор + облепиха RELOUIS",
            "image": "https://avatars.dicebear.com/api/avataaars/isp7o.svg"
        },
        {
            "id": "-NC-LNDhsTI4TNGY3bMI",
            "description": "эффективно защищает губы от внешнего воздействия\n\nбыстро восстанавливает кожу губ\n\nнежная, быстро впитывающаяся текстура и экономичный расход\n\nидеально подходит для любого сезона\n\nзащита от UVA и UVB лучей\n\nприятный аромат\n\nможно использовать как базу под помаду",
            "title": "Бальзам-уход для губ iCARE lip balm almond RELOUIS",
            "image": "https://avatars.dicebear.com/api/avataaars/acjsr.svg"
        },
        {
            "id": "-NC-NTFyXK1he---awvi",
            "description": "эффективно защищает губы от внешнего воздействия\n\nбыстро восстанавливает кожу губ\n\nнежная, быстро впитывающаяся текстура и экономичный расход\n\nидеально подходит для любого сезона\n\nзащита от UVA и UVB лучей\n\nприятный аромат\n\nможно использовать как базу под помаду",
            "title": "Бальзам-уход для губ iCARE lip balm coconut RELOUIS",
            "image": "https://avatars.dicebear.com/api/avataaars/6otjbi.svg"
        },
        {
            "id": "-NC-OgwnEmqlPOxDiP0V",
            "description": "эффективно защищает губы от внешнего воздействия\n\nбыстро восстанавливает кожу губ\n\nнежная, быстро впитывающаяся текстура и экономичный расход\n\nидеально подходит для любого сезона\n\nзащита от UVA и UVB лучей\n\nприятный аромат\n\nможно использовать как базу под помаду",
            "title": "Бальзам-уход для губ iCARE lip balm kiwi RELOUIS",
            "image": "https://avatars.dicebear.com/api/avataaars/31mzbj.svg"
        },
        {
            "id": "-NC-QuDz3-veHiWilGbQ",
            "description": "эффективно защищает губы от внешнего воздействия\n\nбыстро восстанавливает кожу губ\n\nнежная, быстро впитывающаяся текстура и экономичный расход\n\nидеально подходит для любого сезона\n\nзащита от UVA и UVB лучей\n\nприятный аромат\n\nможно использовать как базу под помаду",
            "title": "Бальзам-уход для губ iCARE lip balm pomegranate RELOUIS",
            "image": "https://avatars.dicebear.com/api/avataaars/v51k8.svg"
        },
        {
            "id": "-NC-XFCkfck3manoPP7p",
            "description": "Мужской бальзам для губ\n\nМатовый прозрачный финиш\n\nЗащита от вирусов\n\nМаксимальный уход и восстановление кожи губ\n\nСтильный ненавязчивый дизайн",
            "title": "Бальзам для губ L.O.R. Lipbalm Original Recipe Рецепт №1 для мужчин RELOUIS ",
            "image": "https://avatars.dicebear.com/api/avataaars/rr2yv.svg"
        },
        {
            "id": "-NC-ugbd130w_0BUDJfp",
            "description": "для ежедневной защиты и интенсивного ухода за кожей губ\n\nбыстро восстанавливает\n\nпредотвращает шелушение и раздражение кожи губ\n\nантимикробная и антивирусная защита\n\nсодержит иммуностимулирующие компоненты\n",
            "title": "Бальзам для губ L.O.R. Lipbalm Original Recipe Рецепт №2 RELOUIS",
            "image": "https://avatars.dicebear.com/api/avataaars/riqosk.svg"
        },
        {
            "id": "-NC0-ggfPMZ5U-WLiUGn",
            "description": "для ежедневной защиты и интенсивного ухода за кожей губ\n\nбыстро восстанавливает\n\nпредотвращает шелушение и раздражение кожи губ\n\nобладает заживляющими, противовирусными и антибактериальными свойствами\n\nсодержит иммуностимулирующие компоненты",
            "title": "Бальзам для губ L.O.R. Lipbalm Original Recipe Рецепт №3 RELOUIS",
            "image": "https://avatars.dicebear.com/api/avataaars/adwl9.svg"
        },
        {
            "id": "-NC05RwzYPrIiFtF0sdH",
            "description": "для ежедневной защиты и интенсивного ухода за кожей губ\n\nбыстро восстанавливает\n\nпредотвращает шелушение и раздражение кожи губ\n\nоказывает активное антисептическое и бактерицидное действие\n\nобладает тонизирующими свойствами\n\n",
            "title": "Бальзам для губ L.O.R. Lipbalm Original Recipe Рецепт №4 RELOUIS",
            "image": "https://avatars.dicebear.com/api/avataaars/tfyvb.svg"
        },
        {
            "id": "-NC09uJLU9DIuGcu7NBI",
            "description": "бережно питает, увлажняет и смягчает кожу губ\n\nобладает противовоспалительным действием\n\nэффективно заживляет трещинки\n\nуспокаивает кожу, делает ее мягкой и гладкой\n\nприятный аромат \n\n",
            "title": "Гигиеническая помада Вкусняшка RELOUIS",
            "image": "https://avatars.dicebear.com/api/avataaars/att0d.svg"
        },
        {
            "id": "-NC0H0JF9Wx09cXS4zPc",
            "description": "бережный уход за губами\n\nобладает противовоспалительным и ранозаживляющим действиями\n\nпитает\n\nувлажняет и смягчает потрескавшиеся и обветренные губы\n\nдекоративный эффект",
            "title": "Гигиеническая помада Губки - Неженки с розовым оттенком RELOUIS",
            "image": "https://avatars.dicebear.com/api/avataaars/y4kjg.svg"
        },
        {
            "id": "-NC0O9Eo8F57Wfk5QADB",
            "description": "Нейтральная гамма\nподходит каждой девушке и подчеркнет любой цвет глаз\n\n9 трендовых оттенков\n\nЦвета палетки идеально сочетаются между собой\n\nдля создания как дневных, так и вечерних мейков\n\n4 текстуры\nШелковистая матовая, Нежная сатиновая, Зеркальная металлическая, Искрящийся дуохромный спаркл \n\n",
            "title": "Палетка теней для век Paradiso Nude RELOUIS",
            "image": "https://avatars.dicebear.com/api/avataaars/wg1x9.svg"
        },
        {
            "id": "-NC4AbgCswzdQPnQ44FJ",
            "description": "Базовая палетка теней в холодных тонах\n\n9 трендовых оттенков\n\nЦвета палетки идеально сочетаются между собой\n\n4 текстуры\nШелковистая матовая, Нежная сатиновая, Зеркальная металлическая, Искрящийся дуохромный спаркл ",
            "title": "Палетка теней для век Paradiso RELOUIS Cold",
            "image": "https://avatars.dicebear.com/api/avataaars/n649vf.svg"
        },
        {
            "id": "-NC4NGNLylZLDOVhcEQ1",
            "description": "Базовая палетка теней в тёплых тонах\n\n9 трендовых оттенков\n\nЦвета палетки идеально сочетаются между собой\n\n4 текстуры\nШелковистая матовая, Нежная сатиновая, Зеркальная металлическая, Искрящийся дуохромный спаркл ",
            "title": "Палетка теней для век Paradiso RELOUIS Warm",
            "image": "https://avatars.dicebear.com/api/avataaars/on763.svg"
        },
        {
            "id": "-NC4P0vJoTY7WnCHyNy8",
            "description": "Тонкая кисточка-аппликатор\nпозволит нанести четкие линии любой толщины\n\nНасыщенный черный цвет\nсделает взгляд еще более открытым и выразительным\n\nЛёгкая в использовании \n\nспециальная устойчивая текстура\nможно прорисовать идеальную линию ресниц, зрительно делая их густыми и пушистыми",
            "title": "Подводка для глаз Deer Eyes Professional RELOUIS",
            "image": "https://avatars.dicebear.com/api/avataaars/lat5e.svg"
        },
        {
            "id": "-NC4TV5Aia3Zjh9S79gc",
            "description": "Специальный фетровый аппликатор\nпозволяет нанести четкую линию одним движением\n\nУльтра чёрный цвет\n\nСтойкая\n\nНе оставляет следов\n\n",
            "title": "Подводка для глаз Elite RELOUIS",
            "image": "https://avatars.dicebear.com/api/avataaars/muqoy.svg"
        },
        {
            "id": "-NC4Yh5aGa1Q05K1frkX",
            "description": "матовый финиш\n\nводостойкая кремовая текстура\n\nидеальны в качестве базы\n\nвысокая пигментированность\n\nлёгкая растушёвка\n\nстойкость 10 часов",
            "title": "Тени для век жидкие матовые RELOUIS PRO Matte Liquid Eyeshadow",
            "image": "https://avatars.dicebear.com/api/avataaars/sw9i.svg"
        },
        {
            "id": "-NC50AOT9oTf6JgiHoGO",
            "description": "сатиновый финиш\n\nневесомое покрытие\n\nлёгкая растушёвка\n\nвысокая пигментированность\n\nделикатное сияние",
            "title": "Тени для век жидкие сатиновые RELOUIS PRO Satin Liquid Eyeshadow",
            "image": "https://avatars.dicebear.com/api/avataaars/ym8v3.svg"
        },
        {
            "id": "-NC53dxLY6v1ZslhaXvJ",
            "description": "дуохромный сияющий финиш\n\nравномерное нанесение\n\nбыстрая фиксация\n\nувлажняющие компоненты\n\nтрендовый акцент в макияже",
            "title": "Тени для век жидкие сияющие RELOUIS PRO Sparkle Liquid Eyeshadow",
            "image": "https://avatars.dicebear.com/api/avataaars/p5ch8.svg"
        },
        {
            "id": "-NCJUIeh-GdEm4DmXi8k",
            "description": "два оттенка \nболее светлый для внутреннего края брови, более темный для внешнего\n\nнежная кремово-пудровая текстура\nнаносится легко и точно, не оставляя пробелов и неровностей\n\n Мелкодисперсные пигменты\nобеспечивают интенсивность и насыщенность цвета\n\nмасла растительного происхождения и витамин Е в составе\n\nБез парабенов, отдушки, минеральных масел и D5\n\nVegan Friendly\n\nНе тестируется на животных",
            "title": "Тени для бровей RELOUIS PRO Brow Powder",
            "image": "https://avatars.dicebear.com/api/avataaars/sygae.svg"
        },
        {
            "id": "-NCK6wPYN7B2J8bZisPR",
            "description": "выравнивает рельеф кожи век\n\nусиливает цвет теней\n\nпридаёт стойкость макияжу глаз\n\nупрощает нанесение и растушёвку теней\n\nудобный аппликатор для нанесения\n\nдля всех типов кожи",
            "title": "Основа под тени для век RELOUIS PRO Color Designer Eyeshadow Base",
            "image": "https://avatars.dicebear.com/api/avataaars/ica91.svg"
        },
        {
            "id": "-NCK86Wfww2hv9vWC75C",
            "description": "ЭФФЕКТНОЕ СИЯНИЕ\n\nДУОХРОМНЫЕ ПЕРЕЛИВЫ\n\nРоскошная шелковистая текстура\n\nНе ОСЫПАется\n\nВЫСОКАЯ ПИГМЕНТИРОВАННОСТЬ\n\nможно наносить на голое веко или на подложку\n\nлегко наносится одним движением пальца",
            "title": "Тени для век RELOUIS PRO Eyeshadow Sparkle",
            "image": "https://avatars.dicebear.com/api/avataaars/s7ukp.svg"
        },
        {
            "id": "-NCKScbBIZa_q5bsg_5z",
            "description": "",
            "title": "Тени для век RELOUIS PRO Picasso Limited Edition",
            "image": "https://avatars.dicebear.com/api/avataaars/cu6p6.svg"
        },
        {
            "id": "-NCKVhkU0dFsQco-hjnn",
            "description": "мягкая и шелковистая текстура\nтени прекрасно набираются на кисть и растушевываются на коже\n\nвысокая пигментированность\n\nстойкость\nбудьте уверены в макияже на протяжении дня\n\nуниверсальная цветовая гамма\nтеплые и холодные базовые тона, а также оттенки для акцентов\n\nделикатное свечение\n\nлегкость нанесения\n\nкоррекция формы глаз\nтона 31 ICE-CREAM и 32 ROSE QUARTZ используйте как хайлайтер в изгибе брови, во внутреннем уголке и в центре века\n",
            "title": "Тени для век RELOUIS PRO Eyeshadow Satin",
            "image": "https://avatars.dicebear.com/api/avataaars/1p1ybj.svg"
        },
        {
            "id": "-NCKlkR-od0-gkyNaqUW",
            "description": "мягкая и шелковистая текстура\nтени прекрасно набираются на кисть и растушевываются на коже\n\nвысокая пигментированность\n\nстойкость\nбудьте уверены в макияже на протяжении дня\n\nуниверсальная цветовая гамма\nтеплые и холодные базовые тона, а также оттенки для акцентов\n\nметаллический зеркальный блеск\n\nпросты в применении",
            "title": "Тени для век RELOUIS PRO Eyeshadow Metal",
            "image": "https://avatars.dicebear.com/api/avataaars/02ql4k.svg"
        },
        {
            "id": "-NCKweuhSmTFQr2HDtsB",
            "description": "мягкая и шелковистая текстура\nтени прекрасно набираются на кисть и растушевываются на коже\n\nвысокая пигментированность\n\nстойкость\nбудьте уверены в макияже на протяжении дня\n\nуниверсальная цветовая гамма\nтеплые и холодные базовые тона, а также оттенки для акцентов\n\nбазовый макияж для любого возраста\nвизуально скрывают несовершенства и выравнивают поверхность века\n\nкоррекция формы глаз\nтона 12 WARM TAUPE и 15 TAUPE безупречны для затемнения складки верхнего века\n\nпрекрасная основа для других текстур теней\n",
            "title": "Тени для век RELOUIS PRO Eyeshadow Matte",
            "image": "https://avatars.dicebear.com/api/avataaars/09t8c.svg"
        },
        {
            "id": "-NCL1uO1mbIwWsV177qd",
            "description": "мягкая и шелковистая текстура\nтени прекрасно набираются на кисть и растушевываются на коже\n\nвысокая пигментированность\n\nстойкость\nбудьте уверены в макияже на протяжении дня\n\nуниверсальная цветовая гамма\nтеплые и холодные базовые тона, а также оттенки для акцентов",
            "title": "Тени для век RELOUIS PRO Eyeshadow Duo",
            "image": "https://avatars.dicebear.com/api/avataaars/buuq7.svg"
        },
        {
            "id": "-NCL3h5AH5rfwhQY3j8M",
            "description": "мягкая текстура \n\nлегко наносится\n\nравномерно растушевывается кистью до получения плавных переходов\n\nне пылит и не осыпается\n\nпридает коже мягкое мерцание\n«подсвечивая» нужные участки лица, придавая ему свежий, отдохнувший вид и визуально совершенствуя черты\n\nбез крупных блесток\n\nне тестируется на животных",
            "title": "Хайлайтер компактный RELOUIS PRO Highlighter",
            "image": "https://avatars.dicebear.com/api/avataaars/gz9j3.svg"
        },
        {
            "id": "-NCQ6bmwSWf0bfeUo4Tl",
            "title": "SET SO CUTE",
            "image": "https://avatars.dicebear.com/api/avataaars/5518h.svg"
        },
        {
            "id": "-NCQ7W_wUZCcHu_kA4Ml",
            "title": "SET CHESS GAME",
            "image": "https://avatars.dicebear.com/api/avataaars/denpq.svg"
        },
        {
            "id": "-NCQ9eedTD3LGiYYZydY",
            "title": "SET VIRTUALITY",
            "image": "https://avatars.dicebear.com/api/avataaars/a9cqv.svg"
        },
        {
            "id": "-NCRcOJioAF7G1NCw1Lu",
            "description": "Идеальная формула туши в комбинации с супер точной щеточкой  станет инструментом массового притяжения. Слой за слоем тушь утолщает каждую ресничку, удлиняет и придает идеальную форму. Гарантированное равномерное распределение туши для тех, кто любит, когда \"ресничка к ресничке\", когда аккуратный объем - без лишних усилий.\n",
            "title": "тушь для ресниц",
            "image": "https://avatars.dicebear.com/api/avataaars/moofr.svg"
        },
        {
            "id": "-NCRgZFB953km3IzKVlQ",
            "description": "Если нужно обольстить или соблазнить, мы выбираем эту тушь! Тушь способна прокрасить реснички от внешнего до внутреннего уголка глаза, делая их пышными и аккуратными. Особенная форма щетки повторяет и усиливает естественный изгиб ресниц, сторона с коротким ворсом идеально наносит нужное количество туши, длинные ворсинки идеально прочесывают ресницы. Добавляйте столько объема, сколько требует ваше настроение!\n",
            "title": "тушь для ресниц",
            "image": "https://avatars.dicebear.com/api/avataaars/8igfn.svg"
        },
        {
            "id": "-NCRhduOEFsS0ccE_S7j",
            "description": "Отличное решение, если на макияж у вас только пара минут!В одно касание тушь придает ресницам значительный  объем, тщательно прокрашивает каждую ресничку, точно разделяет их без намека на склеивание. Объем от Х до ХХХL! Ваши ресницы великолепны в течение всего дня!",
            "title": "Тушь для ресниц",
            "image": "https://avatars.dicebear.com/api/avataaars/3t1u1.svg"
        },
        {
            "id": "-NCRigjI_tHSQHklWeZB",
            "description": "Нежная консистенция туши мягко и заботливо обволакивает ресницы, утолщая и осторожно удлиняя их. Пушистый ворс позволяет набрать побольше туши и с каждым движением легко добавляет ресницам объема. Начните утро с естественного макияжа, а для яркого вечернего - просто накрасьте ресницы более густым слоем.",
            "title": "тушь для ресниц",
            "image": "https://avatars.dicebear.com/api/avataaars/auo8q.svg"
        },
        {
            "id": "-NCRjyoVwgbRLoy1nJ7R",
            "description": "Тушь создана обеспечить мгновенный мульти эффект: экстремальный объем, удлинение, равномерное нанесение без комочков и невероятный изгиб ресниц, благодаря особой форме щеточки! Плоская сторона щеточки наносит необходимое для объема количество туши, сторона с короткими ворсинками покручивает и приподнимает ресницы, а длинные ворсинки идеально прочесывают их.  \n",
            "title": "тушь для ресниц",
            "image": "https://avatars.dicebear.com/api/avataaars/j753a.svg"
        },
        {
            "id": "-NCUbloCDDR3YPQxKpcU",
            "description": "легкая кремовая консистенция \nравномерно распределяется по коже\n\nпрекрасно растушевывается\n\nне оставляет дискомфортной липкости после нанесения",
            "title": "Хайлайтер кремовый RELOUIS PRO Liquid Strobing",
            "image": "https://avatars.dicebear.com/api/avataaars/t5w63.svg"
        },
        {
            "id": "-NCUnyW_zdf5U1sCGy6K",
            "description": "для подготовки кожи \nк нанесению макияжа и создания идеальной поверхности для тонального средства\n\nнейтрализует жирный блеск в области Т-зоны\n\nделает кожу матово-бархатистой\n\n\n\n",
            "title": "Основа под макияж Prime Step Anti - redness Professional RELOUIS",
            "image": "https://avatars.dicebear.com/api/avataaars/hidac.svg"
        }
    ]
}
