[
  {
    "lat": "53.888134",
    "long": "27.587868",
    "address": "улица Серафимовича, 8",
    "country": "6392fc9087bc8a3dade1c1b4",
    "city": "6392fe741a7c1c881fc77c3e"
  },
  {
    "lat": "53.688201",
    "long": "23.844468",
    "address": "улица 1 Мая, 30",
    "country": "6392fc9087bc8a3dade1c1b4",
    "city": "6392fe741a7c1c881fc77c42"
  },
  {
    "lat": "55.762078",
    "long": "37.621103",
    "address": "улица Кузнецкий Мост, 9, Москва, 107031",
    "country": "6392fc9087bc8a3dade1c1b3",
    "city": "6392fe741a7c1c881fc77c37"
  },
  {
    "lat": "51.129519",
    "long": "71.434569",
    "address": "улица Динмухамеда Кунаева, 14/1",
    "country": "6392fc9087bc8a3dade1c1b5",
    "city": "6392fe741a7c1c881fc77c44"
  }
]
